filename,1dAVb,RBBB,LBBB,SB,AF,ST
fake_ecg.pdf,0.0060346154,0.020910747,0.027059896,0.0066632754,0.0030659754,0.0040888037
