filename,1dAVb,RBBB,LBBB,SB,AF,ST
5.csv,0.0024913484,0.41668817,0.017436184,8.536433e-05,0.33281434,0.08689594
