filename,1dAVb,RBBB,LBBB,SB,AF,ST
test_ecg.csv,0.0008601106,0.0002735633,0.00033574234,0.0038252776,0.0015670619,0.0047203894
